{"cameraMode":{"drawMode":0,"name":"Shaded","section":"Shading Mode"},"sceneLighting":true,"audioPlay":false,"sceneViewState":{"m_AlwaysRefresh":false,"showFog":true,"showSkybox":true,"showFlares":true,"showImageEffects":true,"showParticleSystems":true,"showVisualEffectGraphs":true,"m_FxEnabled":true},"in2DMode":false,"pivot":{"x":0.6547188758850098,"y":6.353498935699463,"z":-10.867968559265137},"rotation":{"x":0.1886654496192932,"y":0.2300252765417099,"z":-0.04550192132592201,"w":0.9536516666412354},"size":7.0908074378967289,"orthographic":false}